id,name
1,Cobra
2,Ripley
3,Bram
4,DarwinZ
5,squirrel
6,Leon
7,SteelyRivers
8,Hizeck
9,Adajeeee
15,SaveZcash
16,IrritableBear
19,Guby
20,Tei
21,Vlad
23,ethdevnews
24,SosaTm
25,raju
26,Joe
27,BepeCapital
28,Eazy
30,Jimmy È¶¨
31,Davin Rodriguez
32,NPrivacyC
33,Satoshi
34,Chimexcee
35,Peejay
39,ogasky
40,BostonZcash
41,gibtoshi
42,eren
44,Roth
45,Marcus
46,smiuffy
50,Smiuffy
52,smiuffy
53,kalua
54,nick
56,Fastgridtrader
58,drickzy10
59,OGJE
60,Joypal
61,Rothbard
62,yoshi
64,OPOMSOL
65,Sean
66,just a reply guy
67,Ipu
68,Moseti
69,naval
70,sondotpin
71,jimmy
73,Kenyweri
74,davidx
75,Homie
76,Aryan
77,junghwan
78,Chewie
79,jaack
80,wh00hw
81,Shiva
82,Rajeshkumar
83,Abyssal
84,ü•∑
85,ZODL
86,alurosu
87,aisha
88,IKA
89,neil
90,CluelessProphet
91,Tiago
92,Gk
93,chiefmeowofficer
94,ZODL
95,YO
96,MrTEE
98,Sarah
99,goldenegg
102,ai
103,Anaximander
104,x
105,z
106,zec
109,zeroo
110,toni
111,Nothingburg69
112,Cryptopunk
113,xyztoni
114,Zashi
115,coffee
116,TipMe
117,tony
118,jenkin
119,KeenanRIVALS
120,tbl
121,DerekZ
122,harry
123,tip
124,bruhh
125,Invictus
126,wiyarmir
127,Gem
128,Bogy
129,tokidoki
131,GemState
132,Johanely
133,Bigmac
134,Michelangelo.zec
135,naval
136,Pay
137,Zasha
138,victor
139,0x404
141,Caesar Armitage
143,dev
144,BuyMeACoffee
145,Anarch
146,LosPinosDeFi
147,Zcash zcashio
148,zecme.zec
149,Bantiz
150,I‚Äôm Dan
151,Zk Lim
153,0xsld
154,Sisicrypto
155,Hotdog
156,remedy
159,Tony Margarit
160,Elroi
161,Maxi
162,pump
163,ATH
164,wallet
165,binance
166,okx
167,mexc
168,mert
169,jeff
170,‚ö°Ô∏è
171,zachxbt
172,elonmusk
173,america
174,TRUMP
175,KING
176,QUEEN
177,BuyTheDip
178,ToTheMoon
179,VITALIK
180,SENT
181,STAKE
182,Epirus Capital
183,jaff
184,Jay
185,Nodir üõ°Ô∏è
186,Zebastian
187,Donated Zcash will be used for Food for homeless
189,0xZcash
192,bullish
193,Ambriorix
194,rasmus
196,Shilligans
198,Sage Byte
199,hash
200,ZcashMaximalist
201,Batman
204,Bitbreather
205,Eagle
206,Zecretary
207,Mark
208,privacyvillain
209,@oga4sky
210,Dutei
211,Guudtek
212,Zolana
215,Charles
216,Noelyb
217,Excel
219,303ZEC
220,Donnie
221,Adam
223,CNZEC
224,Cryptle ‰ªª
225,suqata
226,papaka
227,Zing
229,Michae2xl
230,PacBR
231,KHRISTOSOAK
232,e-zec
235,r25
236,Matheus Louren√ßo
237,aeyakovenko
238,MLC_SAP
239,ZEC me up
240,Svegliare
241,MuroGeo
242,vitalik
243,Bass
244,Luciano santos
245,0
246,ZcashBoy
249,Kroy
252,Rush
253,Afamefune
254,Medik
255,ü§ñShin
256,Medik
257,Voxy
258,zeemeeLILLI
259,otonashisama
260,mrx
261,ZaaS
262,zemeeLILLI
263,Jackson
264,Jiren
265,ZkCroc
266,AGZT
267,cigz
268,Krumlar
269,tesla
270,frank
271,smith
272,Quig
273,NickyV28
274,e
275,b
276,c
277,v
281,Edicksonjga
282,w
283,SupportMe
284,support
285,Jasper üõ°Ô∏è
286,Steve
287,Cypherpunk1968
288,zyygaming274
289,zklim
290,lhsombrero
291,sitamvan0
292,jepeplis
293,sarungjh
294,Ziro
295,sahi
297,gramajo
298,SendSomeLove
299,zectardio
300,SendLove
301,SendTip
302,Privacy
303,Privacydollars
304,m3nace global
305,0xzeus1111
306,Coincart
307,Razvan
308,Bigbro
309,Michael
310,Cookie
311,wwxreincarnate
312,farad
313,Chriss
314,benkigera
315,Zcy
316,maybach
319,Frank
320,Oxmzid
321,Kabir
323,DinarBTC
326,Botaküõ°
327,wilff
328,market retard
329,TZhelios
330,Sanazodo0
331,Based_Z
332,UknowZork
333,chameleon
334,Zcrush
335,lastbread
336,Zlover
337,X
338,0xjacked
339,ü•∂
342,007
343,‚ùÑÔ∏è
345,üíé
346,üí†
348,Ftxbull
349,vivek
350,üê≥
351,root
352,chainselder
353,Mister Doctor
354,ü•∑
355,Harlowe Rousseau
356,InvestoPhilo
357,Tim
358,1
359,Erik
360,Zatoshi
362,STAY SHIELDED üõ°Ô∏è
363,0coin
365,0A-hedge
366,00
367,King David
368,Degen Poet
369,October
370,JunePark
372,7beni1kedi
376,Abidouz
377,Asia
378,Balerion jihad
379,Frankienots
381,Marco
382,1
383,Grannyshot
384,Jack Jack
385,Zillion
386,ZcashZorro
387,zecfjsf
388,AcesTFB
389,Omari
390,jasky
391,ncensatoru
392,Third3311
393,Tupusss
394,Rawoof
396,Unredacted
397,Bigballs
398,Odi
399,Soul0x
400,ZecGuy
401,vheuel
402,Colin
403,Jam
404,ZECBTC
405,$ZEC Wizard
406,spoobs
407,Bogson
408,üí§
409,Alfonso
410,nimort
411,Bemsj
412,8
413,Kai
414,El Mahdy
415,Zechariah
416,reym
418,saphire
419,Ptanicabe
420,Min Jung
421,Shaadawi
422,Znation4.7
423,Frankienots
424,Babs
425,starfish
426,starfish
427,budiarianto
430,Cheetosss08
431,jolgan
433,M42857608
434,maximorbis
435,gelatinous
436,faded
437,bluelotus
438,Deesam
439,maxim_orbis
440,00000000
441,$Zcash$
442,BBELAY
444,Abuab3l
445,frankbraun
446,surya
447,0001
449,oscarin
450,Zentinel
451,narahadid
452,EdTwiri
454,EdTwiri
455,DOP
462,nex
463,Astrid
464,ndrw
467,bemstrong
468,Anthony
469,Arsalan0x
471,Jowi
472,radahn
473,Kingdompings
474,cambion
475,blazeyoru
476,KingAG
477,Bloodmoon
481,blacktoberr
482,FERDY GUNAWAN
485,Sohrab
486,Azmoth
487,Nate
488,damienen
490,minutes
491,Dellaagustinnnn
492,Ryan
497,Laserwave.G
500,doumaxyz
502,ryuma
503,dika
506,ryuma
507,Min-Jung-Un
509,Andarxe
510,513
511,Katarak
513,Katarak
519,HendraAR
520,kaevur
521,pollazo
522,Required
524,required
525,Sanazodo0
526,0xnetero
527,andarxe
528,Anjes
529,cyber
530,Vincent
531,ethos
532,Jhonparker
533,Makda
539,ingpixels@gmail.com
545,sohighsquinteye
548,ZeroGuard
549,Sudo
550,thetopsniper
553,DOP
554,Teiki
555,zero
556,Porkmemer
557,Blanks
558,Vitalik.eth
559,Irawan
560,Irawan
562,irawan12006
563,Tradingisbae
567,InternJumbo
568,Crypt0goody
569,patel
570,Chachi
571,Paul
573,ncensatoru
575,Paul
576,Yugenkiera
577,IcedonChain
578,zcash monster
579,kinggoe
580,coincans
582,Exacerbate
583,UlatPadi
584,Bheshchrisrin
586,avaxxzz
587,Goodgame
588,lithium
590,Chysom
591,SOOK SOUL
592,Oxzec
596,Oxzec
597,X Call
599,Eke
600,0xCryp
601,3
602,antiscaliger
604,antiscaliger
605,888
606,antiscaliger
607,4
608,encrypt
609,WShatnr
610,Analos
611,‡Ω†‡Ωñ‡æ≤‡Ω¥‡ΩÇ
612,Áå´
613,Jeanie Rhose Oniot
614,Blehhh
615,Mikasa
616,zcashier
618,mikas4
619,ajangherdi
620,nicolas
621,john
622,zcashdon
623,Zi
624,Alberto
631,elzz
632,Oxkraken
633,Vynlo
634,Cryptof4m
636,Diego
637,Kristen
638,ElPuerco0x
639,Iqraflii
640,$nothingburg
642,.nothingburg69
643,AssBurger Capital
645,tactics
646,Rupert
647,zetardio
648,Harsh Bajpai
649,LivanJr
651,zcasher33
652,leo
653,ihsotsa
654,HazyCubs
656,ihsotas
657,K
660,Lowo
661,Green Zebra
662,Chand
664,Cryptopractitioner
665,0xdejita
669,SINACH
670,Zcash Guardian
671,thecryptocoach
672,Allseekfather
673,Lionelyat
674,Oxmzid
675,Bheshchrisrin
676,vulgonarc
677,RaulZ
678,Ibex
680,frankienots
681,JORDAN
682,Sir Cryptophare
683,Estherh0lls
684,ZcashHodler
685,Zilin
688,beyefendi
689,z2z
690,CryptoPhare
691,Elshamae
694,trenchkid
696,Suryz4_
697,Elsha
698,Logan JW
699,Cyrus
700,rwinss
702,nimortem
703,Raisign
704,zyygaming274
706,Light
707,hampng
708,datsznn
709,jepeplis
710,Datonx
711,sepeda
712,linlin
713,Mitosis
714,TraderAndino
715,Pintu
716,Tidur
717,sssvuuu
718,Monsignore
719,braimrap
720,Lhsombrero
721,Jess
722,Ferrdiisky
723,Dedayo
724,Jeesss26
725,Binbulling
726,ZECgoddess
727,Azmoth
729,thea
730,VAzmoth
731,gaskolin
735,fukuri
736,hapeuk93
737,Renday
738,braimraps
739,AhBAS
740,g0dzella
741,September
742,Retards
743,kiww
744,Fanokt
745,coincan
746,heart
747,DevWilly
748,Skull
749,Meister D
750,Ipirendi
751,Lucy
752,ZEC the believer
753,emil
754,zillions
755,Omari
756,Lemme
757,SriHanii
758,Sigitpede
759,Rend
761,Sutrisno
763,Sigit
764,Cel
766,Hidengrara
767,Rifalirsandi
768,Ipulaahh
772,Torao
773,Jancoah
774,Jujunaahh
775,Mayor
776,signature
778,Ethan
779,cryptoprivacy
780,Moritz
781,Cape
782,Gween
783,jeff
784,jeff35791257688
785,Sebo
786,0xbalapati
787,selur
788,Hivera
789,Hivera
790,Trump
792,cook
793,iel
794,Jossy4pf
795,Kienss
796,dara
797,Jatt
798,dara
799,Sage William
800,Fufafa
801,Oracle
803,Twixz
804,xhuman
805,Dreamer
807,Sovcoach
808,Maverick
809,Ujangbakwan
810,Miskeen
811,May
812,Pau Lexii
814,Luckyboy
815,dblezzz
817,narc
818,Guanxin
819,Alves
820,Elys
821,elii
822,Yoshi
823,Rogin John
826,Fatal
827,DmiitriCs
828,Marwan
829,Fortunwhjm
830,City
831,Eyiu
832,Zashi
833,SuerW1n
835,IF
836,sahi
837,Vicol
838,asep kanceuh
841,Solace
842,Vhe√ºel
843,Dave
844,enofone
845,Lucas
846,Zashi
847,Makkunah
849,Chimexcee
852,mrnft17
854,Adeel
855,JowiZ
856,Anonymist
857,Tristan
859,Frz_fzl
867,Paul Brigner
868,fawaz
869,Hokisuper12
870,bar.
871,shakizec
872,adaletbilen
873,PEPE
874,DOGE
875,Marinus
876,shibainu
877,solana
878,Ansem
879,elonmusk
880,Marinus
881,Zcash Canada
882,Chantelle
884,The Gist of Books
885,ka
887,Alberto Centelles
888,bebe
889,Beary
891,Zcash Ninja
893,ydm
895,Cel
896,Jhon Muds
898,daughterofpops
899,DEREK_88888888
900,tamao
902,ZODL
903,Chand
904,ZXTNLV7
905,@camoneysh
906,TopCrypto
908,CruiseZodler
910,zerothreatdaily
911,AL3X
912,Nobu
913,Emma
914,Memefomo
915,Gans
916,Nic
917,Nic
921,Emma
923,Sado
925,Luefe
926,Deer Juice
927,Afamefune
928,Sweet
929,Pappy_bern
930,YH
936,Abdullah
938,Kaal__el
939,Monk
940,Skye
942,Justmasc1
943,Rupert8821
944,Chip86
946,N3O
947,Matty Snarks
948,Gay
951,Piscean
952,CyberAxe
953,Danieloneyu
954,Hyder
955,Emmanuella
956,sai
958,26
959,kidcom
961,Mrfaithdriven
962,rintarozen
963,metafrend
964,zjess0
965,server
966,Kyan
967,mina
968,nouboudo
969,Mikiro
970,Aswin
971,Mikiro
972,Dreyy
973,Treyx
974,Roy8
976,rj
977,Crypto Doctor
984,mnprsnt
986,Ifedayo
989,Tosholove
990,coco
991,kenzo
993,RipperüíÄ
994,Inavamsi Enaganti
995,zklim
996,Imajinsize
997,Kenny Quest
998,Ghosty
999,Onadssss
1000,Onadsssss
1001,Zeela
1002,yorunite
1003,nimort
1004,ikooki
1005,piurjudges
1006,CryptoXoide
1007,Tyco
1008,Utest1
1009,satoshi
1010,zooko
1011,Nana
1012,DANIEL
1013,utest2
1015,Mamadüõ°
1017,Zguyy
1026,Beatmyname1
1027,sz0rs
1028,0xSageByte
1029,1life
1030,Joypal
1031,Joypal üõ°Ô∏è
1032,abczure
1033,Ayoola
1034,beek
1035,Zcashwin
1039,DarwinZ11
1041,DarwinZ
1042,levianne
1043,Azamaox
1044,Oreziiy
1046,Oreziiy
1047,johnfts
1050,0xPierre
1051,Johnfts1
1052,oxmzid
1053,petitry
1054,paywithzcash
1055,ZKitty
1056,Rugdoctor
1057,leona
1058,Kellyjoe
1059,Degens
1064,Deegens
1065,Bruhwakeup
1067,NinjaFOMO
1068,Bruhwakeup
1069,œáŒ±Œ∂œåœÇ
1070,bozofrend
1071,WOW
1072,Kevin
1075,Kevin
1076,Spike
1077,Trinath
1078,oscar
1079,Ayaa
1080,zYNpt
1082,Cryptolagos
1083,Dennissq
1084,nothing
1085,Huzzam12
1086,Domino
1087,Omega Wolf
1092,Tom Howard
1093,Gilroy
1094,Cel
1096,Mine
1097,Armitage
1098,AAmandita
1099,Zillionaire82
1100,Enki
1101,Aj
1102,Deerex
1103,mikamik
1104,bsmzw
1106,thecryptodad
1108,thecryptodad
1110,sanbaoffs
1111,zs110
1113,z2zcash
1114,gokhan
1115,Martales
1118,Newniao
1119,AcidBurn
1121,ceodamil
1122,lazul
1125,lazul
1126,LordxPengu
1127,#NAME?
1128,Zcash Group Bday Celebration Fund
1129,{{1+1}}
1130,hiero
1131,zash1me
1132,bparlan
1133,ReX
1134,Rems
1141,Tom Zarebczan
1142,Seren_Aris
1143,Owen
1145,Flippy
1146,Symbol
1151,rektmfers
1152,Cryptog
1153,dblezzz
1154,BarrioFinito
1155,Chiyo
1156,daraline
1157,GKsyncZ
1158,banghaji0543
1159,Crypteacher
1160,bionic
1161,Crypteacher
1162,jjncck
1163,zalloween
1164,MagickEarl
1166,WednesdayOnly
1167,halzion
1171,Horvath
1172,Struggle0x
1174,Prepre
1177,Magictrader
1178,Damsel03
1179,Snow
1181,Felix
1182,Sock
1183,davidj9kse
1184,Josh Swihart
1185,CeukayWeb3
1186,Meme Supreme
1187,rhoppon
1188,Muneth
1193,Arooj
1194,waseemo
1195,Fluppy
1196,Dimitar
1198,zcash_inside
1200,Hardaeborla
1203,Nikolaassxbt
1205,Oreziiy
1208,Oreziiy
1209,Western Vigilance
1210,Fanny
1211,Vijaya vasa
1215,Corb
1216,starry
1217,ZCash South Africa
1222,BlumRidGE
1223,peichain
1234,Alexander
1236,soonbridge
1239,alexanderjr76
1240,TomJerry
1241,Arooji
1242,digital üõ°Ô∏è
1243,ZCashDubai
1245,1ks1
1246,zin
1250,jitsu
1251,Khalix
1256,Proud
1264,rius
1267,Zsquare
1268,bigmouth
1269,Bruce9
1270,Dion
1271,Babs
1272,Alex
1273,zeektheknight
1275,MrD
1276,gkzec
1277,Mancy
1278,dpeluola
1279,eyudees
1280,weedfather123
1281,Dammy
1282,gibby
1283,Parter
1284,Karina Banjamin
1285,Obabunmi
1287,bomz
1288,srun
1290,Rodlfo
1291,Biggdhan
1292,Huncho
1293,Joshuaking
1294,Aikay
1296,Sonate
1297,KevinM
1298,Ben
1299,Saenz777
1301,eno
1302,liquid
1304,ZEROX
1305,Max
1306,Krish
1307,Yoditar
1308,Cid
1309,ZcashRussia
1310,icedsolwiz
1311,Odtopboy
1313,Kroy
1314,Blitz8
1315,quasa
1316,quasa0
1317,Ibrahim
1318,Fortune
1319,Web3Voyant
1320,Dorkssn
1321,bruhhüõ°
1322,jeezman
1324,lekano
1326,Jaqvid
1327,Akcempire
1328,Patrick
1329,Drock
1330,tengen3wives
1331,Vynlouisa
1332,JCAIII
1334,Wizard
1335,taowzer
1336,arayyye
1337,Tedan
1338,P5
1339,Duckie
1340,marz
1341,Beazy415
1342,alphacruze
1343,BRON
1344,Zlberto
1345,jielraci
1346,Zlberto
1347,sly
1348,Ibrahim1
1349,sly
1350,Krishna
1351,Robmarn
1352,Cheeringsample
1353,Rexcrypto
1354,JAH
1355,raskapital
1356,Trippie
1357,Punisher
1358,zolanamaxi
1359,ZolanaMaxi
1360,Fasb63259099
1362,Bowss
1363,iamjonny
1364,karlachuo
1365,valeria
1366,ErikGreen
1368,dafacto
1369,LemanZ
1370,quppaa
1371,Silentpadrino
1372,robmarn
1373,Scott
1374,zuantum
1375,Burns
1376,ZHAO
1378,thounameis
1379,zsa
1380,nothings
1381,Z0RR0 KNOWLEDGE PROOF
1382,Danielcry
1383,Ruggpool
1384,GoodDay
1385,Z
1386,Kyle
1387,CanadianExile
1388,Z0RR0 KNOWLEDGE PROOF
1389,Rizaladiix
1390,veronica
1391,Pray
1392,havertz_12
1393,Nalaw1nsol
1394,SeraBeacon
1395,scott
1396,Zero0x
1397,credentials
1398,Breedmaster
1399,Jackk
1400,R7gen
1401,Sally
1402,Chekctomz
1403,Pew28
1404,Vanister7
1405,Biotife
1408,Vexxion
1409,itsydm
1410,Vexxion
1411,yahtzer0
1412,Oba immanuel
1413,attzyx
1414,Stable7
1415,avglide
1417,Bill
1418,vyxonly
1419,aeyyza
1420,conelo
1421,arcnival
1422,nagabonar
1423,fumi
1424,Zai
1425,NogizakaYy1
1428,Hausa
1430,Donzie
1431,CobraZec
1432,AlPa
1433,Zhashi
1434,crypt0polak
1435,P
1436,Lizard
1437,Galaxy101
1438,Kingpapiyolo
1439,rfqifzlweb3
1440,Nattsumi
1441,stevnwlm
1442,preset
1443,Altha
1444,Althaxz
1445,rfqifzlweb3
1446,yanke
1447,btcethsolzec
1448,btcethsolsec
1449,allina
1450,Nala
1451,rfqifzlweb3
1452,shim
1453,Namiiiix_
1454,Mrbobz
1455,araicis
1456,istanbul0x
1458,Denuit
1459,RARARA
1460,DonDennis
1461,Snappa
1462,ElPuerco
1463,smokedog
1464,rrisanoyam
1465,PAYSO
1466,Psypher5
1467,SOOK
1468,Sook1
1469,ZcashJapan
1471,k4iz3n2
1472,GKsyncZ
1473,Giakhang
1475,Maze77
1477,WillSainttt
1483,racheal
1484,Matt
1485,Matt
1486,Matt
1487,martin
1488,BurtMurphy
1489,Fuad
1490,Sizks
1491,eliane
1492,ivxn
1493,FakeMoneyTrader
1494,MaxLiquidity
1495,James
1496,Buda
1498,ZHAO
1500,Marios
1501,Braimrapp
1502,Jrembo
1504,NOBLEMUM
1509,angelqtz
1510,Aleopard
1511,angelqtz
1512,Hashcodelife
1513,Zcashboss
1514,Creature
1515,Clus
1516,King David
1517,Nanaminami
1518,28keyking92
1519,reyna31
1520,Tohsingg
1521,LFG
1522,Charity
1523,ZcashGuardian
1524,patihnotbad1z
1525,Txp
1526,Juraj
1527,Chisee
1528,Tigro
1529,Gus
1530,Teppuz
1531,Tom Zarebczan
1532,dede
1533,Npz
1534,Tank
1535,kinarxav
1536,EnigmaticRae
1537,Egypt
1538,gokyo
1539,tactics
1540,Trippiercrypt01
1541,Azeez
1542,Kingmaker
1543,muslikh
1544,ndy
1545,wira
1546,Von
1547,paradigm
1548,TR8UPG
1549,TR8UPG
1550,Akcempire
1552,ZcashOP
1553,Zebediah
1554,skrtzy
1555,richie
1556,richiecat
1557,jef
1558,OrangeApe
1559,perky
1560,Fiü¶Ñ
1561,kanga
1562,Sam
1563,Markus
1564,Mage
1565,mage
1566,chad
1567,Chad
1568,bold
1569,Carloszap
1570,ma
1571,hashgpg
1572,Yosh
1573,nitro
1574,u1hndtl0lgf3fzkh40smaaqc0sxu0jzj7u5zy78g3pmag34f0lunumnrsqukw73psyhnyfcskf2h4wxemh4aawxvdqf57nf8nxz4kgns4kcwmwqjsqhw6jh4g2cugglj64phlpzm9cv5gzyrzy9t35y6x5mlt746k3ec4pnxtfz5vpp7q8vhtsh3hqjajyrg005j6a3a9k20sryav5ksd
1575,Zolanear
1576,Jack
1577,808zec
1578,Niftyn0ds
1579,replicationlag
1580,CptVeteran
1581,Oreziiy
1582,Ogcryptosage
1583,frenzcash
1584,Nik
1585,Rainbowboyly
1586,michiokage
1587,Prayismyname
1588,Gorga Siagian
1589,zoge
1590,ZCASHHERO
1591,rfqifzlweb3
1592,BroadArrow
1593,Gandinaaay
1594,Gandinaaay
1595,Nabzzzz
1596,carover0
1597,Anshuman
1598,Nilin
1599,Anchor
1600,coolestmoneyever
1601,Zeal
1602,mascot
1603,GavinTheEyeDr
1604,piero
1605,Gavin Chiu
1606,bored
1607,Ayana
1608,orhundotb
1614,Dev
1615,nilraka
1616,inspire_s
1617,zkfriendly
1618,elliott
1619,yesper
1620,TickleMissle
1621,Rlad
1622,melonmusk
1623,D_rock
1624,Mihaggi
1625,FutureLuckyGuy
1626,Milan
1627,DrWednesday
1628,Allegedlyjason
1629,BenYater
1630,Only1bennycfx
1631,nms
1632,Trenchruski
1633,thatsnas1oo
1634,GoodTexture
1635,Zcashceo
1636,Rainbowboyly
1637,LFGZEC
1638,MaxCrypt_
1639,Zcash Explained
1640,mike
1641,dumbbyte
1642,ZEC BEGGARüõ°
1643,zoneid
1644,QuantumPi
1645,EnigmaticRae
1646,Shielded
1647,Zara
1648,Zecmas
1649,Dorian
1650,rebels_duck
1651,Deneb
1654,akatonomastos
1655,web3sly
1657,houseofgrace
1658,Rottenbananas
1659,env
1660,jer
1661,jer
1662,Froog
1663,cheezymady24
1664,Sammyvirus
1665,Benoit
1666,Abdulmajid Hamisu
1669,Abdulmajid Hamisu
1670,Smit
1671,Joa
1672,Kevin
1673,Kez
1674,sagi
1675,roseternally
1676,simon
1677,FaisalTrillionaireDubai
1678,sumok
1679,amin
1680,DamonHawks
1681,intern
1682,Abdulmajid Hamisu
1683,Aravind
1685,roseternally
1686,globin
1688,2
1689,Carloszap
1690,0x1Kenobi
1691,everest
1694,Dorian
1695,MattX
1696,Dara
1697,Za
1698,zancas
1699,Dreamstarnft
1700,ijwonsol
1701,starfish
1702,Astolpho
1703,Surtrisno
1705,Rezimx01
1706,ZIEDL
1707,Diablo
1708,sal
1709,Zeyad
1710,melyaa
1711,Cannabisking42
1712,Zcash
1713,Chuck
1714,egypt
1715,zAllegedly
1716,≈Ω
1717,wahome
1718,richoandika
1720,Karan
1721,Ycashmedia
1722,okxexchange
1723,jjaajjaax
1724,dguardian0
1725,Maximus
1726,dxi
1727,TheBendingUnit
1729,Rupee
1730,Yaotoshi
1731,Erdalaksoy
1732,bolaji
1733,Maadmaax22
1734,K
1735,Gbooks
1736,c_gaius_j
1737,purify
1738,Grant Lee
1739,palm trees
1740,PIXIE
1741,fullyshielded
1742,tanya
1743,zkrpivate
1744,paradigm
1745,9
